<?xml version="1.0" encoding="UTF-8"?>
<export version="E">
  <design>
    <source>C:\Users\Hoox\Documents\_kikad\Modular_Soldering_Station\Modular_Soldering_Station.kicad_sch</source>
    <date>15.06.2022 01:37:02</date>
    <tool>Eeschema (6.0.5)</tool>
    <sheet number="1" name="/" tstamps="/">
      <title_block>
        <title>Soldering Iron</title>
        <company>elektronikproje</company>
        <rev>v01</rev>
        <date>2021-04-17</date>
        <source>Modular_Soldering_Station.kicad_sch</source>
        <comment number="1" value=""/>
        <comment number="2" value=""/>
        <comment number="3" value="License: None"/>
        <comment number="4" value="By Mehmet Şimşek &amp; Ercan SAZAK"/>
        <comment number="5" value=""/>
        <comment number="6" value=""/>
        <comment number="7" value=""/>
        <comment number="8" value=""/>
        <comment number="9" value=""/>
      </title_block>
    </sheet>
  </design>
  <components>
    <comp ref="1M1">
      <value>R</value>
      <libsource lib="Device" part="R" description="Resistor"/>
      <property name="Sheetname" value=""/>
      <property name="Sheetfile" value="Modular_Soldering_Station.kicad_sch"/>
      <sheetpath names="/" tstamps="/"/>
      <tstamps>51daeec6-5b16-40a1-bf47-06e0193eebf2</tstamps>
    </comp>
    <comp ref="Brd1">
      <value>SSD1306</value>
      <footprint>Modular_Soldering_Station:OLED_SSD_1306</footprint>
      <libsource lib="Modular_Soldering_Station-rescue" part="SSD1306-SSD1306-128x64_OLED" description=""/>
      <property name="Sheetname" value=""/>
      <property name="Sheetfile" value="Modular_Soldering_Station.kicad_sch"/>
      <sheetpath names="/" tstamps="/"/>
      <tstamps>00000000-0000-0000-0000-0000609e3f06</tstamps>
    </comp>
    <comp ref="Brd2">
      <value>SSD1106-64x32_OLED</value>
      <footprint>Modular_Soldering_Station:OLED_SSD_1106</footprint>
      <libsource lib="Modular_Soldering_Station-rescue" part="SSD1306-SSD1306-128x64_OLED" description=""/>
      <property name="Sheetname" value=""/>
      <property name="Sheetfile" value="Modular_Soldering_Station.kicad_sch"/>
      <sheetpath names="/" tstamps="/"/>
      <tstamps>00000000-0000-0000-0000-0000608a342b</tstamps>
    </comp>
    <comp ref="BT1">
      <value>Battery</value>
      <footprint>TerminalBlock:TerminalBlock_bornier-2_P5.08mm</footprint>
      <libsource lib="Device" part="Battery" description="Multiple-cell battery"/>
      <property name="Sheetname" value=""/>
      <property name="Sheetfile" value="Modular_Soldering_Station.kicad_sch"/>
      <sheetpath names="/" tstamps="/"/>
      <tstamps>00000000-0000-0000-0000-0000609115a6</tstamps>
    </comp>
    <comp ref="BZ1">
      <value>Buzzer</value>
      <footprint>Buzzer_Beeper:Buzzer_12x9.5RM7.6</footprint>
      <libsource lib="Device" part="Buzzer" description="Buzzer, polarized"/>
      <property name="Sheetname" value=""/>
      <property name="Sheetfile" value="Modular_Soldering_Station.kicad_sch"/>
      <sheetpath names="/" tstamps="/"/>
      <tstamps>00000000-0000-0000-0000-0000607b5abf</tstamps>
    </comp>
    <comp ref="C1">
      <value>10nF</value>
      <footprint>Capacitor_THT:C_Rect_L7.2mm_W2.5mm_P5.00mm_FKS2_FKP2_MKS2_MKP2</footprint>
      <libsource lib="Device" part="C_Small" description="Unpolarized capacitor, small symbol"/>
      <property name="Sheetname" value=""/>
      <property name="Sheetfile" value="Modular_Soldering_Station.kicad_sch"/>
      <sheetpath names="/" tstamps="/"/>
      <tstamps>00000000-0000-0000-0000-000060a81ac4</tstamps>
    </comp>
    <comp ref="C2">
      <value>10nF</value>
      <footprint>Capacitor_THT:C_Rect_L7.2mm_W2.5mm_P5.00mm_FKS2_FKP2_MKS2_MKP2</footprint>
      <libsource lib="Device" part="C_Small" description="Unpolarized capacitor, small symbol"/>
      <property name="Sheetname" value=""/>
      <property name="Sheetfile" value="Modular_Soldering_Station.kicad_sch"/>
      <sheetpath names="/" tstamps="/"/>
      <tstamps>00000000-0000-0000-0000-0000608ac366</tstamps>
    </comp>
    <comp ref="C3">
      <value>10nF</value>
      <footprint>Capacitor_THT:C_Rect_L7.2mm_W2.5mm_P5.00mm_FKS2_FKP2_MKS2_MKP2</footprint>
      <libsource lib="Device" part="C_Small" description="Unpolarized capacitor, small symbol"/>
      <property name="Sheetname" value=""/>
      <property name="Sheetfile" value="Modular_Soldering_Station.kicad_sch"/>
      <sheetpath names="/" tstamps="/"/>
      <tstamps>00000000-0000-0000-0000-00006092be8d</tstamps>
    </comp>
    <comp ref="C4">
      <value>10nF</value>
      <footprint>Capacitor_THT:C_Rect_L7.2mm_W2.5mm_P5.00mm_FKS2_FKP2_MKS2_MKP2</footprint>
      <libsource lib="Device" part="C_Small" description="Unpolarized capacitor, small symbol"/>
      <property name="Sheetname" value=""/>
      <property name="Sheetfile" value="Modular_Soldering_Station.kicad_sch"/>
      <sheetpath names="/" tstamps="/"/>
      <tstamps>00000000-0000-0000-0000-000060929a40</tstamps>
    </comp>
    <comp ref="C5">
      <value>10nF</value>
      <footprint>Capacitor_THT:C_Rect_L7.2mm_W2.5mm_P5.00mm_FKS2_FKP2_MKS2_MKP2</footprint>
      <libsource lib="Device" part="C_Small" description="Unpolarized capacitor, small symbol"/>
      <property name="Sheetname" value=""/>
      <property name="Sheetfile" value="Modular_Soldering_Station.kicad_sch"/>
      <sheetpath names="/" tstamps="/"/>
      <tstamps>00000000-0000-0000-0000-00006082483b</tstamps>
    </comp>
    <comp ref="C6">
      <value>CP</value>
      <footprint>Capacitor_THT:CP_Radial_D8.0mm_P3.50mm</footprint>
      <libsource lib="Device" part="CP" description=""/>
      <property name="Sheetname" value=""/>
      <property name="Sheetfile" value="Modular_Soldering_Station.kicad_sch"/>
      <sheetpath names="/" tstamps="/"/>
      <tstamps>00000000-0000-0000-0000-0000608cebc1</tstamps>
    </comp>
    <comp ref="C7">
      <value>10nF</value>
      <footprint>Capacitor_THT:C_Rect_L7.2mm_W2.5mm_P5.00mm_FKS2_FKP2_MKS2_MKP2</footprint>
      <libsource lib="Device" part="C_Small" description="Unpolarized capacitor, small symbol"/>
      <property name="Sheetname" value=""/>
      <property name="Sheetfile" value="Modular_Soldering_Station.kicad_sch"/>
      <sheetpath names="/" tstamps="/"/>
      <tstamps>00000000-0000-0000-0000-000060aac493</tstamps>
    </comp>
    <comp ref="D1">
      <value>LED</value>
      <footprint>LED_THT:LED_D5.0mm_Clear</footprint>
      <libsource lib="Device" part="LED" description="Light emitting diode"/>
      <property name="Sheetname" value=""/>
      <property name="Sheetfile" value="Modular_Soldering_Station.kicad_sch"/>
      <sheetpath names="/" tstamps="/"/>
      <tstamps>00000000-0000-0000-0000-000060a24915</tstamps>
    </comp>
    <comp ref="H1">
      <value>MountingHole_Pad</value>
      <footprint>Modular_Soldering_Station:Reflektor</footprint>
      <libsource lib="Mechanical" part="MountingHole_Pad" description="Mounting Hole with connection"/>
      <property name="Sheetname" value=""/>
      <property name="Sheetfile" value="Modular_Soldering_Station.kicad_sch"/>
      <sheetpath names="/" tstamps="/"/>
      <tstamps>00000000-0000-0000-0000-00006097af8d</tstamps>
    </comp>
    <comp ref="IC1">
      <value>MAX6675</value>
      <footprint>Package_SO:SOIC-8_3.9x4.9mm_P1.27mm</footprint>
      <libsource lib="Modular_Soldering_Station-rescue" part="MAX6675-MAX6675" description=""/>
      <property name="Sheetname" value=""/>
      <property name="Sheetfile" value="Modular_Soldering_Station.kicad_sch"/>
      <sheetpath names="/" tstamps="/"/>
      <tstamps>00000000-0000-0000-0000-0000607afb76</tstamps>
    </comp>
    <comp ref="J1">
      <value>AudioJack5</value>
      <footprint>Modular_Soldering_Station:MyJumper_5Pin</footprint>
      <libsource lib="Modular_Soldering_Station-rescue" part="AudioJack5" description="Audio Jack, 5 Poles (TRRRS)"/>
      <property name="Sheetname" value=""/>
      <property name="Sheetfile" value="Modular_Soldering_Station.kicad_sch"/>
      <sheetpath names="/" tstamps="/"/>
      <tstamps>00000000-0000-0000-0000-000060ab0e7a</tstamps>
    </comp>
    <comp ref="J2">
      <value>DIN-1</value>
      <footprint>Modular_Soldering_Station:GX16_5Pin_Connector</footprint>
      <datasheet>http://www.mouser.com/ds/2/18/40_c091_abd_e-75918.pdf</datasheet>
      <libsource lib="Connector" part="DIN-5" description="5-pin DIN connector"/>
      <property name="Sheetname" value=""/>
      <property name="Sheetfile" value="Modular_Soldering_Station.kicad_sch"/>
      <sheetpath names="/" tstamps="/"/>
      <tstamps>00000000-0000-0000-0000-0000607b2b48</tstamps>
    </comp>
    <comp ref="J3">
      <value>Barrel_Jack_Switch_Pin3Ring</value>
      <footprint>Connector_BarrelJack:BarrelJack_Horizontal</footprint>
      <libsource lib="Connector" part="Barrel_Jack_Switch_Pin3Ring" description="DC Barrel Jack with an internal switch"/>
      <property name="Sheetname" value=""/>
      <property name="Sheetfile" value="Modular_Soldering_Station.kicad_sch"/>
      <sheetpath names="/" tstamps="/"/>
      <tstamps>00000000-0000-0000-0000-0000609643af</tstamps>
    </comp>
    <comp ref="JP1">
      <value>Jumper_3_Open</value>
      <footprint>Modular_Soldering_Station:MyJumper_3Pin</footprint>
      <libsource lib="Jumper" part="Jumper_3_Open" description="Jumper, 3-pole, both open"/>
      <property name="Sheetname" value=""/>
      <property name="Sheetfile" value="Modular_Soldering_Station.kicad_sch"/>
      <sheetpath names="/" tstamps="/"/>
      <tstamps>00000000-0000-0000-0000-00006091cca2</tstamps>
    </comp>
    <comp ref="JP2">
      <value>Jumper_3_Open</value>
      <footprint>Modular_Soldering_Station:MyJumper_3Pin</footprint>
      <libsource lib="Jumper" part="Jumper_3_Open" description="Jumper, 3-pole, both open"/>
      <property name="Sheetname" value=""/>
      <property name="Sheetfile" value="Modular_Soldering_Station.kicad_sch"/>
      <sheetpath names="/" tstamps="/"/>
      <tstamps>00000000-0000-0000-0000-00006091aaba</tstamps>
    </comp>
    <comp ref="Q1">
      <value>IRF540N</value>
      <footprint>Modular_Soldering_Station:TO-220-3_Vertical</footprint>
      <datasheet>http://www.irf.com/product-info/datasheets/data/irf540n.pdf</datasheet>
      <libsource lib="Transistor_FET" part="IRF540N" description="33A Id, 100V Vds, HEXFET N-Channel MOSFET, TO-220"/>
      <property name="Sheetname" value=""/>
      <property name="Sheetfile" value="Modular_Soldering_Station.kicad_sch"/>
      <sheetpath names="/" tstamps="/"/>
      <tstamps>00000000-0000-0000-0000-000060a20475</tstamps>
    </comp>
    <comp ref="Q2">
      <value>IR_Receiver</value>
      <footprint>Modular_Soldering_Station:IR_Receiver_1838T</footprint>
      <datasheet>https://diotec.com/tl_files/diotec/files/pdf/datasheets/bc337.pdf</datasheet>
      <libsource lib="Transistor_BJT" part="BC337" description="0.8A Ic, 45V Vce, NPN Transistor, TO-92"/>
      <property name="Sheetname" value=""/>
      <property name="Sheetfile" value="Modular_Soldering_Station.kicad_sch"/>
      <sheetpath names="/" tstamps="/"/>
      <tstamps>00000000-0000-0000-0000-000060a29930</tstamps>
    </comp>
    <comp ref="R1">
      <value>10K</value>
      <footprint>Resistor_THT:R_Axial_DIN0207_L6.3mm_D2.5mm_P7.62mm_Horizontal</footprint>
      <libsource lib="Device" part="R_Small" description="Resistor, small symbol"/>
      <property name="Sheetname" value=""/>
      <property name="Sheetfile" value="Modular_Soldering_Station.kicad_sch"/>
      <sheetpath names="/" tstamps="/"/>
      <tstamps>00000000-0000-0000-0000-0000608d1022</tstamps>
    </comp>
    <comp ref="R2">
      <value>330</value>
      <footprint>Resistor_THT:R_Axial_DIN0207_L6.3mm_D2.5mm_P7.62mm_Horizontal</footprint>
      <libsource lib="Device" part="R_Small" description="Resistor, small symbol"/>
      <property name="Sheetname" value=""/>
      <property name="Sheetfile" value="Modular_Soldering_Station.kicad_sch"/>
      <sheetpath names="/" tstamps="/"/>
      <tstamps>00000000-0000-0000-0000-000060a05f0c</tstamps>
    </comp>
    <comp ref="R3">
      <value>100</value>
      <footprint>Resistor_THT:R_Axial_DIN0207_L6.3mm_D2.5mm_P7.62mm_Horizontal</footprint>
      <libsource lib="Device" part="R_Small" description="Resistor, small symbol"/>
      <property name="Sheetname" value=""/>
      <property name="Sheetfile" value="Modular_Soldering_Station.kicad_sch"/>
      <sheetpath names="/" tstamps="/"/>
      <tstamps>00000000-0000-0000-0000-0000607d0b8c</tstamps>
    </comp>
    <comp ref="R4">
      <value>1K</value>
      <footprint>Resistor_THT:R_Axial_DIN0207_L6.3mm_D2.5mm_P7.62mm_Horizontal</footprint>
      <libsource lib="Device" part="R_Small" description="Resistor, small symbol"/>
      <property name="Sheetname" value=""/>
      <property name="Sheetfile" value="Modular_Soldering_Station.kicad_sch"/>
      <sheetpath names="/" tstamps="/"/>
      <tstamps>00000000-0000-0000-0000-0000607d1899</tstamps>
    </comp>
    <comp ref="R5">
      <value>200</value>
      <footprint>Resistor_THT:R_Axial_DIN0207_L6.3mm_D2.5mm_P7.62mm_Horizontal</footprint>
      <libsource lib="Device" part="R_Small" description="Resistor, small symbol"/>
      <property name="Sheetname" value=""/>
      <property name="Sheetfile" value="Modular_Soldering_Station.kicad_sch"/>
      <sheetpath names="/" tstamps="/"/>
      <tstamps>00000000-0000-0000-0000-000060824841</tstamps>
    </comp>
    <comp ref="R6">
      <value>200</value>
      <footprint>Resistor_THT:R_Axial_DIN0207_L6.3mm_D2.5mm_P7.62mm_Horizontal</footprint>
      <libsource lib="Device" part="R_Small" description="Resistor, small symbol"/>
      <property name="Sheetname" value=""/>
      <property name="Sheetfile" value="Modular_Soldering_Station.kicad_sch"/>
      <sheetpath names="/" tstamps="/"/>
      <tstamps>00000000-0000-0000-0000-000060a31107</tstamps>
    </comp>
    <comp ref="SW1">
      <value>SW_MEC_5E</value>
      <footprint>Modular_Soldering_Station:button_ERC</footprint>
      <datasheet>http://www.apem.com/int/index.php?controller=attachment&amp;id_attachment=1371</datasheet>
      <libsource lib="Switch" part="SW_MEC_5E" description="MEC 5E single pole normally-open tactile switch"/>
      <property name="Sheetname" value=""/>
      <property name="Sheetfile" value="Modular_Soldering_Station.kicad_sch"/>
      <sheetpath names="/" tstamps="/"/>
      <tstamps>00000000-0000-0000-0000-0000609e7fb4</tstamps>
    </comp>
    <comp ref="SW2">
      <value>SW_MEC_5E</value>
      <footprint>Modular_Soldering_Station:button_ERC</footprint>
      <datasheet>http://www.apem.com/int/index.php?controller=attachment&amp;id_attachment=1371</datasheet>
      <libsource lib="Switch" part="SW_MEC_5E" description="MEC 5E single pole normally-open tactile switch"/>
      <property name="Sheetname" value=""/>
      <property name="Sheetfile" value="Modular_Soldering_Station.kicad_sch"/>
      <sheetpath names="/" tstamps="/"/>
      <tstamps>00000000-0000-0000-0000-0000609e718a</tstamps>
    </comp>
    <comp ref="SW3">
      <value>SW_MEC_5E</value>
      <footprint>Modular_Soldering_Station:button_ERC</footprint>
      <datasheet>http://www.apem.com/int/index.php?controller=attachment&amp;id_attachment=1371</datasheet>
      <libsource lib="Switch" part="SW_MEC_5E" description="MEC 5E single pole normally-open tactile switch"/>
      <property name="Sheetname" value=""/>
      <property name="Sheetfile" value="Modular_Soldering_Station.kicad_sch"/>
      <sheetpath names="/" tstamps="/"/>
      <tstamps>00000000-0000-0000-0000-0000609f15c1</tstamps>
    </comp>
    <comp ref="SW4">
      <value>Rotary_Encoder_Switch</value>
      <footprint>Rotary_Encoder:RotaryEncoder_Alps_EC11E-Switch_Vertical_H20mm</footprint>
      <libsource lib="Device" part="Rotary_Encoder_Switch" description=""/>
      <property name="Sheetname" value=""/>
      <property name="Sheetfile" value="Modular_Soldering_Station.kicad_sch"/>
      <sheetpath names="/" tstamps="/"/>
      <tstamps>00000000-0000-0000-0000-0000607b4968</tstamps>
    </comp>
    <comp ref="SW5">
      <value>SW_SPST</value>
      <footprint>TerminalBlock:TerminalBlock_bornier-2_P5.08mm</footprint>
      <libsource lib="Switch" part="SW_SPST" description="Single Pole Single Throw (SPST) switch"/>
      <property name="Sheetname" value=""/>
      <property name="Sheetfile" value="Modular_Soldering_Station.kicad_sch"/>
      <sheetpath names="/" tstamps="/"/>
      <tstamps>00000000-0000-0000-0000-0000608fb2ec</tstamps>
    </comp>
    <comp ref="U1">
      <value>ATmega328P-PU</value>
      <footprint>Package_DIP:DIP-28_W7.62mm</footprint>
      <datasheet>http://ww1.microchip.com/downloads/en/DeviceDoc/ATmega328_P%20AVR%20MCU%20with%20picoPower%20Technology%20Data%20Sheet%2040001984A.pdf</datasheet>
      <libsource lib="MCU_Microchip_ATmega" part="ATmega328P-PU" description=""/>
      <property name="Sheetname" value=""/>
      <property name="Sheetfile" value="Modular_Soldering_Station.kicad_sch"/>
      <sheetpath names="/" tstamps="/"/>
      <tstamps>00000000-0000-0000-0000-0000607f2e4d</tstamps>
    </comp>
    <comp ref="U2">
      <value>LM317_TO-220</value>
      <footprint>Package_TO_SOT_THT:TO-220-3_Vertical</footprint>
      <datasheet>http://www.ti.com/lit/ds/symlink/lm317.pdf</datasheet>
      <libsource lib="Regulator_Linear" part="LM317_TO-220" description="1.5A 35V Adjustable Linear Regulator, TO-220"/>
      <property name="Sheetname" value=""/>
      <property name="Sheetfile" value="Modular_Soldering_Station.kicad_sch"/>
      <sheetpath names="/" tstamps="/"/>
      <tstamps>00000000-0000-0000-0000-0000608a1eee</tstamps>
    </comp>
    <comp ref="U3">
      <value>L78L05_TO92</value>
      <footprint>Package_TO_SOT_THT:TO-92_Inline</footprint>
      <datasheet>http://www.st.com/content/ccc/resource/technical/document/datasheet/15/55/e5/aa/23/5b/43/fd/CD00000446.pdf/files/CD00000446.pdf/jcr:content/translations/en.CD00000446.pdf</datasheet>
      <libsource lib="Regulator_Linear" part="L78L05_TO92" description="Positive 100mA 30V Linear Regulator, Fixed Output 5V, TO-92"/>
      <property name="Sheetname" value=""/>
      <property name="Sheetfile" value="Modular_Soldering_Station.kicad_sch"/>
      <sheetpath names="/" tstamps="/"/>
      <tstamps>06fd0656-9cc4-4ec9-b37d-49406fd04ffc</tstamps>
    </comp>
    <comp ref="Y1">
      <value>Crystal</value>
      <footprint>Crystal:Crystal_HC49-4H_Vertical</footprint>
      <libsource lib="Device" part="Crystal" description="Two pin crystal"/>
      <property name="Sheetname" value=""/>
      <property name="Sheetfile" value="Modular_Soldering_Station.kicad_sch"/>
      <sheetpath names="/" tstamps="/"/>
      <tstamps>00000000-0000-0000-0000-0000607cbbfb</tstamps>
    </comp>
  </components>
  <libparts>
    <libpart lib="Connector" part="Barrel_Jack_Switch_Pin3Ring">
      <description>DC Barrel Jack with an internal switch</description>
      <docs>~</docs>
      <footprints>
        <fp>BarrelJack*</fp>
      </footprints>
      <fields>
        <field name="Reference">J</field>
        <field name="Value">Barrel_Jack_Switch_Pin3Ring</field>
        <field name="Datasheet">~</field>
      </fields>
      <pins>
        <pin num="1" name="" type="passive"/>
        <pin num="2" name="" type="passive"/>
        <pin num="3" name="" type="passive"/>
      </pins>
    </libpart>
    <libpart lib="Connector" part="DIN-5">
      <description>5-pin DIN connector</description>
      <docs>http://www.mouser.com/ds/2/18/40_c091_abd_e-75918.pdf</docs>
      <footprints>
        <fp>DIN*</fp>
      </footprints>
      <fields>
        <field name="Reference">J</field>
        <field name="Value">DIN-5</field>
        <field name="Datasheet">http://www.mouser.com/ds/2/18/40_c091_abd_e-75918.pdf</field>
      </fields>
      <pins>
        <pin num="1" name="" type="passive"/>
        <pin num="2" name="" type="passive"/>
        <pin num="3" name="" type="passive"/>
        <pin num="4" name="" type="passive"/>
        <pin num="5" name="" type="passive"/>
      </pins>
    </libpart>
    <libpart lib="Device" part="Battery">
      <description>Multiple-cell battery</description>
      <docs>~</docs>
      <fields>
        <field name="Reference">BT</field>
        <field name="Value">Battery</field>
        <field name="Datasheet">~</field>
      </fields>
      <pins>
        <pin num="1" name="+" type="passive"/>
        <pin num="2" name="-" type="passive"/>
      </pins>
    </libpart>
    <libpart lib="Device" part="Buzzer">
      <description>Buzzer, polarized</description>
      <docs>~</docs>
      <footprints>
        <fp>*Buzzer*</fp>
      </footprints>
      <fields>
        <field name="Reference">BZ</field>
        <field name="Value">Buzzer</field>
        <field name="Datasheet">~</field>
      </fields>
      <pins>
        <pin num="1" name="-" type="passive"/>
        <pin num="2" name="+" type="passive"/>
      </pins>
    </libpart>
    <libpart lib="Device" part="CP">
      <footprints>
        <fp>CP_*</fp>
      </footprints>
      <fields>
        <field name="Reference">C</field>
        <field name="Value">Device_CP</field>
      </fields>
      <pins>
        <pin num="1" name="" type="passive"/>
        <pin num="2" name="" type="passive"/>
      </pins>
    </libpart>
    <libpart lib="Device" part="C_Small">
      <description>Unpolarized capacitor, small symbol</description>
      <docs>~</docs>
      <footprints>
        <fp>C_*</fp>
      </footprints>
      <fields>
        <field name="Reference">C</field>
        <field name="Value">C_Small</field>
        <field name="Datasheet">~</field>
      </fields>
      <pins>
        <pin num="1" name="" type="passive"/>
        <pin num="2" name="" type="passive"/>
      </pins>
    </libpart>
    <libpart lib="Device" part="Crystal">
      <description>Two pin crystal</description>
      <docs>~</docs>
      <footprints>
        <fp>Crystal*</fp>
      </footprints>
      <fields>
        <field name="Reference">Y</field>
        <field name="Value">Crystal</field>
        <field name="Datasheet">~</field>
      </fields>
      <pins>
        <pin num="1" name="1" type="passive"/>
        <pin num="2" name="2" type="passive"/>
      </pins>
    </libpart>
    <libpart lib="Device" part="LED">
      <description>Light emitting diode</description>
      <docs>~</docs>
      <footprints>
        <fp>LED*</fp>
        <fp>LED_SMD:*</fp>
        <fp>LED_THT:*</fp>
      </footprints>
      <fields>
        <field name="Reference">D</field>
        <field name="Value">LED</field>
        <field name="Datasheet">~</field>
      </fields>
      <pins>
        <pin num="1" name="K" type="passive"/>
        <pin num="2" name="A" type="passive"/>
      </pins>
    </libpart>
    <libpart lib="Device" part="R">
      <description>Resistor</description>
      <docs>~</docs>
      <footprints>
        <fp>R_*</fp>
      </footprints>
      <fields>
        <field name="Reference">R</field>
        <field name="Value">R</field>
        <field name="Datasheet">~</field>
      </fields>
      <pins>
        <pin num="1" name="" type="passive"/>
        <pin num="2" name="" type="passive"/>
      </pins>
    </libpart>
    <libpart lib="Device" part="R_Small">
      <description>Resistor, small symbol</description>
      <docs>~</docs>
      <footprints>
        <fp>R_*</fp>
      </footprints>
      <fields>
        <field name="Reference">R</field>
        <field name="Value">R_Small</field>
        <field name="Datasheet">~</field>
      </fields>
      <pins>
        <pin num="1" name="" type="passive"/>
        <pin num="2" name="" type="passive"/>
      </pins>
    </libpart>
    <libpart lib="Device" part="Rotary_Encoder_Switch">
      <footprints>
        <fp>RotaryEncoder*Switch*</fp>
      </footprints>
      <fields>
        <field name="Reference">SW</field>
        <field name="Value">Device_Rotary_Encoder_Switch</field>
      </fields>
      <pins>
        <pin num="A" name="A" type="passive"/>
        <pin num="B" name="B" type="passive"/>
        <pin num="C" name="C" type="passive"/>
        <pin num="S1" name="S1" type="passive"/>
        <pin num="S2" name="S2" type="passive"/>
      </pins>
    </libpart>
    <libpart lib="Jumper" part="Jumper_3_Open">
      <description>Jumper, 3-pole, both open</description>
      <docs>~</docs>
      <footprints>
        <fp>Jumper*</fp>
        <fp>TestPoint*3Pads*</fp>
        <fp>TestPoint*Bridge*</fp>
      </footprints>
      <fields>
        <field name="Reference">JP</field>
        <field name="Value">Jumper_3_Open</field>
        <field name="Datasheet">~</field>
      </fields>
      <pins>
        <pin num="1" name="A" type="passive"/>
        <pin num="2" name="C" type="passive"/>
        <pin num="3" name="B" type="passive"/>
      </pins>
    </libpart>
    <libpart lib="MCU_Microchip_ATmega" part="ATmega328P-PU">
      <footprints>
        <fp>DIP*W7.62mm*</fp>
      </footprints>
      <fields>
        <field name="Reference">U</field>
        <field name="Value">MCU_Microchip_ATmega_ATmega328P-PU</field>
        <field name="Footprint">Package_DIP:DIP-28_W7.62mm</field>
      </fields>
      <pins>
        <pin num="1" name="~{RESET}/PC6" type="bidirectional"/>
        <pin num="2" name="PD0" type="bidirectional"/>
        <pin num="3" name="PD1" type="bidirectional"/>
        <pin num="4" name="PD2" type="bidirectional"/>
        <pin num="5" name="PD3" type="bidirectional"/>
        <pin num="6" name="PD4" type="bidirectional"/>
        <pin num="7" name="VCC" type="power_in"/>
        <pin num="8" name="GND" type="power_in"/>
        <pin num="9" name="XTAL1/PB6" type="bidirectional"/>
        <pin num="10" name="XTAL2/PB7" type="bidirectional"/>
        <pin num="11" name="PD5" type="bidirectional"/>
        <pin num="12" name="PD6" type="bidirectional"/>
        <pin num="13" name="PD7" type="bidirectional"/>
        <pin num="14" name="PB0" type="bidirectional"/>
        <pin num="15" name="PB1" type="bidirectional"/>
        <pin num="16" name="PB2" type="bidirectional"/>
        <pin num="17" name="PB3" type="bidirectional"/>
        <pin num="18" name="PB4" type="bidirectional"/>
        <pin num="19" name="PB5" type="bidirectional"/>
        <pin num="20" name="AVCC" type="power_in"/>
        <pin num="21" name="AREF" type="passive"/>
        <pin num="22" name="GND" type="passive"/>
        <pin num="23" name="PC0" type="bidirectional"/>
        <pin num="24" name="PC1" type="bidirectional"/>
        <pin num="25" name="PC2" type="bidirectional"/>
        <pin num="26" name="PC3" type="bidirectional"/>
        <pin num="27" name="PC4" type="bidirectional"/>
        <pin num="28" name="PC5" type="bidirectional"/>
      </pins>
    </libpart>
    <libpart lib="Mechanical" part="MountingHole_Pad">
      <description>Mounting Hole with connection</description>
      <docs>~</docs>
      <footprints>
        <fp>MountingHole*Pad*</fp>
      </footprints>
      <fields>
        <field name="Reference">H</field>
        <field name="Value">MountingHole_Pad</field>
        <field name="Datasheet">~</field>
      </fields>
      <pins>
        <pin num="1" name="1" type="input"/>
      </pins>
    </libpart>
    <libpart lib="Modular_Soldering_Station-rescue" part="AudioJack5">
      <description>Audio Jack, 5 Poles (TRRRS)</description>
      <docs>~</docs>
      <footprints>
        <fp>Jack*</fp>
      </footprints>
      <fields>
        <field name="Reference">J</field>
        <field name="Value">AudioJack5</field>
        <field name="Datasheet">~</field>
      </fields>
      <pins>
        <pin num="GND" name="1" type="passive"/>
        <pin num="R" name="5" type="passive"/>
        <pin num="RX" name="3" type="passive"/>
        <pin num="TX" name="4" type="passive"/>
        <pin num="VCC" name="2" type="passive"/>
      </pins>
    </libpart>
    <libpart lib="Modular_Soldering_Station-rescue" part="MAX6675-MAX6675">
      <fields>
        <field name="Reference">IC</field>
        <field name="Value">MAX6675-MAX6675</field>
        <field name="Footprint">SO08</field>
      </fields>
      <pins>
        <pin num="1" name="GND" type="power_in"/>
        <pin num="2" name="T-" type="input"/>
        <pin num="3" name="T+" type="input"/>
        <pin num="4" name="VCC" type="power_in"/>
        <pin num="5" name="SCK" type="input"/>
        <pin num="6" name="/CS" type="input"/>
        <pin num="7" name="DO" type="output"/>
      </pins>
    </libpart>
    <libpart lib="Modular_Soldering_Station-rescue" part="SSD1306-SSD1306-128x64_OLED">
      <footprints>
        <fp>SSD1306-128x64_OLED:SSD1306</fp>
      </footprints>
      <fields>
        <field name="Reference">Brd</field>
        <field name="Value">SSD1306-SSD1306-128x64_OLED</field>
      </fields>
      <pins>
        <pin num="1" name="GND" type="input"/>
        <pin num="2" name="VCC" type="input"/>
        <pin num="3" name="SCL" type="input"/>
        <pin num="4" name="SDA" type="input"/>
      </pins>
    </libpart>
    <libpart lib="Regulator_Linear" part="L78L05_TO92">
      <description>Positive 100mA 30V Linear Regulator, Fixed Output 5V, TO-92</description>
      <docs>http://www.st.com/content/ccc/resource/technical/document/datasheet/15/55/e5/aa/23/5b/43/fd/CD00000446.pdf/files/CD00000446.pdf/jcr:content/translations/en.CD00000446.pdf</docs>
      <footprints>
        <fp>TO?92*</fp>
      </footprints>
      <fields>
        <field name="Reference">U</field>
        <field name="Value">L78L05_TO92</field>
        <field name="Footprint">Package_TO_SOT_THT:TO-92_Inline</field>
        <field name="Datasheet">http://www.st.com/content/ccc/resource/technical/document/datasheet/15/55/e5/aa/23/5b/43/fd/CD00000446.pdf/files/CD00000446.pdf/jcr:content/translations/en.CD00000446.pdf</field>
      </fields>
      <pins>
        <pin num="1" name="VO" type="power_out"/>
        <pin num="2" name="GND" type="power_in"/>
        <pin num="3" name="VI" type="power_in"/>
      </pins>
    </libpart>
    <libpart lib="Regulator_Linear" part="LM317_TO-220">
      <description>1.5A 35V Adjustable Linear Regulator, TO-220</description>
      <docs>http://www.ti.com/lit/ds/symlink/lm317.pdf</docs>
      <footprints>
        <fp>TO?220*</fp>
      </footprints>
      <fields>
        <field name="Reference">U</field>
        <field name="Value">LM317_TO-220</field>
        <field name="Footprint">Package_TO_SOT_THT:TO-220-3_Vertical</field>
        <field name="Datasheet">http://www.ti.com/lit/ds/symlink/lm317.pdf</field>
      </fields>
      <pins>
        <pin num="1" name="ADJ" type="input"/>
        <pin num="2" name="VO" type="power_out"/>
        <pin num="3" name="VI" type="power_in"/>
      </pins>
    </libpart>
    <libpart lib="Switch" part="SW_MEC_5E">
      <description>MEC 5E single pole normally-open tactile switch</description>
      <docs>http://www.apem.com/int/index.php?controller=attachment&amp;id_attachment=1371</docs>
      <footprints>
        <fp>SW*MEC*5G*</fp>
      </footprints>
      <fields>
        <field name="Reference">SW</field>
        <field name="Value">SW_MEC_5E</field>
        <field name="Datasheet">http://www.apem.com/int/index.php?controller=attachment&amp;id_attachment=1371</field>
      </fields>
      <pins>
        <pin num="1" name="1" type="passive"/>
        <pin num="2" name="2" type="passive"/>
        <pin num="3" name="K" type="passive"/>
        <pin num="4" name="A" type="passive"/>
      </pins>
    </libpart>
    <libpart lib="Switch" part="SW_SPST">
      <description>Single Pole Single Throw (SPST) switch</description>
      <docs>~</docs>
      <fields>
        <field name="Reference">SW</field>
        <field name="Value">SW_SPST</field>
        <field name="Datasheet">~</field>
      </fields>
      <pins>
        <pin num="1" name="A" type="passive"/>
        <pin num="2" name="B" type="passive"/>
      </pins>
    </libpart>
    <libpart lib="Transistor_BJT" part="BC337">
      <description>0.8A Ic, 45V Vce, NPN Transistor, TO-92</description>
      <docs>https://diotec.com/tl_files/diotec/files/pdf/datasheets/bc337.pdf</docs>
      <footprints>
        <fp>TO?92*</fp>
      </footprints>
      <fields>
        <field name="Reference">Q</field>
        <field name="Value">BC337</field>
        <field name="Footprint">Package_TO_SOT_THT:TO-92_Inline</field>
        <field name="Datasheet">https://diotec.com/tl_files/diotec/files/pdf/datasheets/bc337.pdf</field>
      </fields>
      <pins>
        <pin num="1" name="C" type="passive"/>
        <pin num="2" name="B" type="input"/>
        <pin num="3" name="E" type="passive"/>
      </pins>
    </libpart>
    <libpart lib="Transistor_FET" part="IRF540N">
      <description>33A Id, 100V Vds, HEXFET N-Channel MOSFET, TO-220</description>
      <docs>http://www.irf.com/product-info/datasheets/data/irf540n.pdf</docs>
      <footprints>
        <fp>TO?220*</fp>
      </footprints>
      <fields>
        <field name="Reference">Q</field>
        <field name="Value">IRF540N</field>
        <field name="Footprint">Package_TO_SOT_THT:TO-220-3_Vertical</field>
        <field name="Datasheet">http://www.irf.com/product-info/datasheets/data/irf540n.pdf</field>
      </fields>
      <pins>
        <pin num="1" name="G" type="input"/>
        <pin num="2" name="D" type="passive"/>
        <pin num="3" name="S" type="passive"/>
      </pins>
    </libpart>
  </libparts>
  <libraries>
    <library logical="Connector">
      <uri>C:\Program Files\KiCad\6.0\share\kicad\symbols\/Connector.kicad_sym</uri>
    </library>
    <library logical="Device">
      <uri>C:\Program Files\KiCad\6.0\share\kicad\symbols\/Device.kicad_sym</uri>
    </library>
    <library logical="Jumper">
      <uri>C:\Program Files\KiCad\6.0\share\kicad\symbols\/Jumper.kicad_sym</uri>
    </library>
    <library logical="MCU_Microchip_ATmega">
      <uri>C:\Program Files\KiCad\6.0\share\kicad\symbols\/MCU_Microchip_ATmega.kicad_sym</uri>
    </library>
    <library logical="Mechanical">
      <uri>C:\Program Files\KiCad\6.0\share\kicad\symbols\/Mechanical.kicad_sym</uri>
    </library>
    <library logical="Modular_Soldering_Station-rescue">
      <uri>C:\Users\Hoox\Documents\_kikad\Modular_Soldering_Station/Modular_Soldering_Station-rescue.lib</uri>
    </library>
    <library logical="Regulator_Linear">
      <uri>C:\Program Files\KiCad\6.0\share\kicad\symbols\/Regulator_Linear.kicad_sym</uri>
    </library>
    <library logical="Switch">
      <uri>C:\Program Files\KiCad\6.0\share\kicad\symbols\/Switch.kicad_sym</uri>
    </library>
    <library logical="Transistor_BJT">
      <uri>C:\Program Files\KiCad\6.0\share\kicad\symbols\/Transistor_BJT.kicad_sym</uri>
    </library>
    <library logical="Transistor_FET">
      <uri>C:\Program Files\KiCad\6.0\share\kicad\symbols\/Transistor_FET.kicad_sym</uri>
    </library>
  </libraries>
  <nets>
    <net code="1" name="GND">
      <node ref="1M1" pin="1" pintype="passive"/>
      <node ref="BT1" pin="2" pinfunction="-" pintype="passive"/>
      <node ref="BZ1" pin="2" pinfunction="+" pintype="passive"/>
      <node ref="C1" pin="2" pintype="passive"/>
      <node ref="C2" pin="1" pintype="passive"/>
      <node ref="C3" pin="1" pintype="passive"/>
      <node ref="C4" pin="1" pintype="passive"/>
      <node ref="C5" pin="1" pintype="passive"/>
      <node ref="C6" pin="2" pintype="passive"/>
      <node ref="C7" pin="1" pintype="passive"/>
      <node ref="D1" pin="1" pinfunction="K" pintype="passive"/>
      <node ref="H1" pin="1" pinfunction="1" pintype="input"/>
      <node ref="IC1" pin="1" pinfunction="GND" pintype="power_in"/>
      <node ref="J1" pin="GND" pinfunction="1" pintype="passive"/>
      <node ref="J2" pin="3" pintype="passive"/>
      <node ref="J3" pin="2" pintype="passive"/>
      <node ref="J3" pin="3" pintype="passive"/>
      <node ref="JP1" pin="1" pinfunction="A" pintype="passive"/>
      <node ref="JP2" pin="3" pinfunction="B" pintype="passive"/>
      <node ref="Q1" pin="3" pinfunction="S" pintype="passive"/>
      <node ref="Q2" pin="2" pinfunction="B" pintype="input"/>
      <node ref="R2" pin="2" pintype="passive"/>
      <node ref="R4" pin="2" pintype="passive"/>
      <node ref="SW1" pin="1" pinfunction="1" pintype="passive"/>
      <node ref="SW1" pin="2" pinfunction="2" pintype="passive"/>
      <node ref="SW2" pin="1" pinfunction="1" pintype="passive"/>
      <node ref="SW2" pin="2" pinfunction="2" pintype="passive"/>
      <node ref="SW3" pin="1" pinfunction="1" pintype="passive"/>
      <node ref="SW3" pin="2" pinfunction="2" pintype="passive"/>
      <node ref="SW4" pin="C" pinfunction="C" pintype="passive"/>
      <node ref="SW4" pin="S2" pinfunction="S2" pintype="passive"/>
      <node ref="U1" pin="22" pinfunction="GND" pintype="passive"/>
      <node ref="U1" pin="8" pinfunction="GND" pintype="power_in"/>
      <node ref="U3" pin="2" pinfunction="GND" pintype="power_in"/>
    </net>
    <net code="2" name="Net-(BT1-Pad1)">
      <node ref="BT1" pin="1" pinfunction="+" pintype="passive"/>
      <node ref="J2" pin="2" pintype="passive"/>
      <node ref="J3" pin="1" pintype="passive"/>
      <node ref="SW5" pin="1" pinfunction="A" pintype="passive"/>
      <node ref="SW5" pin="2" pinfunction="B" pintype="passive"/>
      <node ref="U2" pin="3" pinfunction="VI" pintype="power_in"/>
    </net>
    <net code="3" name="Net-(BZ1-Pad1)">
      <node ref="BZ1" pin="1" pinfunction="-" pintype="passive"/>
      <node ref="U1" pin="25" pinfunction="PC2" pintype="bidirectional"/>
    </net>
    <net code="4" name="Net-(Brd1-Pad1)">
      <node ref="Brd1" pin="1" pinfunction="GND" pintype="input"/>
      <node ref="Brd2" pin="1" pinfunction="GND" pintype="input"/>
      <node ref="JP1" pin="2" pinfunction="C" pintype="passive"/>
    </net>
    <net code="5" name="Net-(Brd1-Pad2)">
      <node ref="Brd1" pin="2" pinfunction="VCC" pintype="input"/>
      <node ref="Brd2" pin="2" pinfunction="VCC" pintype="input"/>
      <node ref="JP2" pin="2" pinfunction="C" pintype="passive"/>
    </net>
    <net code="6" name="Net-(Brd1-Pad3)">
      <node ref="Brd1" pin="3" pinfunction="SCL" pintype="input"/>
      <node ref="Brd2" pin="3" pinfunction="SCL" pintype="input"/>
      <node ref="U1" pin="28" pinfunction="PC5" pintype="bidirectional"/>
    </net>
    <net code="7" name="Net-(Brd1-Pad4)">
      <node ref="Brd1" pin="4" pinfunction="SDA" pintype="input"/>
      <node ref="Brd2" pin="4" pinfunction="SDA" pintype="input"/>
      <node ref="U1" pin="27" pinfunction="PC4" pintype="bidirectional"/>
    </net>
    <net code="8" name="Net-(C1-Pad1)">
      <node ref="C1" pin="1" pintype="passive"/>
      <node ref="U1" pin="21" pinfunction="AREF" pintype="passive"/>
    </net>
    <net code="9" name="Net-(C2-Pad2)">
      <node ref="C2" pin="2" pintype="passive"/>
      <node ref="SW1" pin="3" pinfunction="K" pintype="passive"/>
      <node ref="SW1" pin="4" pinfunction="A" pintype="passive"/>
      <node ref="SW4" pin="A" pinfunction="A" pintype="passive"/>
      <node ref="U1" pin="4" pinfunction="PD2" pintype="bidirectional"/>
    </net>
    <net code="10" name="Net-(C3-Pad2)">
      <node ref="C3" pin="2" pintype="passive"/>
      <node ref="U1" pin="9" pinfunction="XTAL1/PB6" pintype="bidirectional"/>
      <node ref="Y1" pin="2" pinfunction="2" pintype="passive"/>
    </net>
    <net code="11" name="Net-(C4-Pad2)">
      <node ref="C4" pin="2" pintype="passive"/>
      <node ref="U1" pin="10" pinfunction="XTAL2/PB7" pintype="bidirectional"/>
      <node ref="Y1" pin="1" pinfunction="1" pintype="passive"/>
    </net>
    <net code="12" name="Net-(C5-Pad2)">
      <node ref="C5" pin="2" pintype="passive"/>
      <node ref="SW2" pin="3" pinfunction="K" pintype="passive"/>
      <node ref="SW2" pin="4" pinfunction="A" pintype="passive"/>
      <node ref="SW4" pin="B" pinfunction="B" pintype="passive"/>
      <node ref="U1" pin="5" pinfunction="PD3" pintype="bidirectional"/>
    </net>
    <net code="13" name="Net-(C7-Pad2)">
      <node ref="C7" pin="2" pintype="passive"/>
      <node ref="IC1" pin="4" pinfunction="VCC" pintype="power_in"/>
      <node ref="U3" pin="1" pinfunction="VO" pintype="power_out"/>
    </net>
    <net code="14" name="Net-(D1-Pad2)">
      <node ref="D1" pin="2" pinfunction="A" pintype="passive"/>
      <node ref="R6" pin="2" pintype="passive"/>
    </net>
    <net code="15" name="Net-(IC1-Pad2)">
      <node ref="IC1" pin="2" pinfunction="T-" pintype="input"/>
      <node ref="J2" pin="4" pintype="passive"/>
    </net>
    <net code="16" name="Net-(IC1-Pad3)">
      <node ref="IC1" pin="3" pinfunction="T+" pintype="input"/>
      <node ref="J2" pin="5" pintype="passive"/>
    </net>
    <net code="17" name="Net-(IC1-Pad5)">
      <node ref="IC1" pin="5" pinfunction="SCK" pintype="input"/>
      <node ref="U1" pin="14" pinfunction="PB0" pintype="bidirectional"/>
    </net>
    <net code="18" name="Net-(IC1-Pad6)">
      <node ref="IC1" pin="6" pinfunction="/CS" pintype="input"/>
      <node ref="U1" pin="13" pinfunction="PD7" pintype="bidirectional"/>
    </net>
    <net code="19" name="Net-(IC1-Pad7)">
      <node ref="IC1" pin="7" pinfunction="DO" pintype="output"/>
      <node ref="U1" pin="12" pinfunction="PD6" pintype="bidirectional"/>
    </net>
    <net code="20" name="Net-(J1-PadR)">
      <node ref="J1" pin="R" pinfunction="5" pintype="passive"/>
      <node ref="R1" pin="2" pintype="passive"/>
      <node ref="U1" pin="1" pinfunction="~{RESET}/PC6" pintype="bidirectional"/>
    </net>
    <net code="21" name="Net-(J1-PadRX)">
      <node ref="J1" pin="RX" pinfunction="3" pintype="passive"/>
      <node ref="SW3" pin="3" pinfunction="K" pintype="passive"/>
      <node ref="SW3" pin="4" pinfunction="A" pintype="passive"/>
      <node ref="SW4" pin="S1" pinfunction="S1" pintype="passive"/>
      <node ref="U1" pin="2" pinfunction="PD0" pintype="bidirectional"/>
    </net>
    <net code="22" name="Net-(J1-PadTX)">
      <node ref="J1" pin="TX" pinfunction="4" pintype="passive"/>
      <node ref="R6" pin="1" pintype="passive"/>
      <node ref="U1" pin="3" pinfunction="PD1" pintype="bidirectional"/>
    </net>
    <net code="23" name="Net-(J2-Pad1)">
      <node ref="J2" pin="1" pintype="passive"/>
      <node ref="Q1" pin="2" pinfunction="D" pintype="passive"/>
    </net>
    <net code="24" name="Net-(Q1-Pad1)">
      <node ref="Q1" pin="1" pinfunction="G" pintype="input"/>
      <node ref="R3" pin="2" pintype="passive"/>
      <node ref="R4" pin="1" pintype="passive"/>
    </net>
    <net code="25" name="Net-(R2-Pad1)">
      <node ref="R2" pin="1" pintype="passive"/>
      <node ref="R5" pin="2" pintype="passive"/>
      <node ref="U2" pin="1" pinfunction="ADJ" pintype="input"/>
    </net>
    <net code="26" name="Net-(R3-Pad1)">
      <node ref="R3" pin="1" pintype="passive"/>
      <node ref="U1" pin="17" pinfunction="PB3" pintype="bidirectional"/>
    </net>
    <net code="27" name="VCC">
      <node ref="C6" pin="1" pintype="passive"/>
      <node ref="J1" pin="VCC" pinfunction="2" pintype="passive"/>
      <node ref="JP1" pin="3" pinfunction="B" pintype="passive"/>
      <node ref="JP2" pin="1" pinfunction="A" pintype="passive"/>
      <node ref="Q2" pin="3" pinfunction="E" pintype="passive"/>
      <node ref="R1" pin="1" pintype="passive"/>
      <node ref="R5" pin="1" pintype="passive"/>
      <node ref="U1" pin="20" pinfunction="AVCC" pintype="power_in"/>
      <node ref="U1" pin="7" pinfunction="VCC" pintype="power_in"/>
      <node ref="U2" pin="2" pinfunction="VO" pintype="power_out"/>
      <node ref="U3" pin="3" pinfunction="VI" pintype="power_in"/>
    </net>
    <net code="28" name="unconnected-(Q2-Pad1)">
      <node ref="1M1" pin="2" pintype="passive+no_connect"/>
      <node ref="Q2" pin="1" pinfunction="C" pintype="passive+no_connect"/>
      <node ref="U1" pin="23" pinfunction="PC0" pintype="bidirectional+no_connect"/>
      <node ref="U1" pin="6" pinfunction="PD4" pintype="bidirectional+no_connect"/>
    </net>
    <net code="29" name="unconnected-(U1-Pad11)">
      <node ref="U1" pin="11" pinfunction="PD5" pintype="bidirectional+no_connect"/>
    </net>
    <net code="30" name="unconnected-(U1-Pad15)">
      <node ref="U1" pin="15" pinfunction="PB1" pintype="bidirectional+no_connect"/>
    </net>
    <net code="31" name="unconnected-(U1-Pad16)">
      <node ref="U1" pin="16" pinfunction="PB2" pintype="bidirectional+no_connect"/>
    </net>
    <net code="32" name="unconnected-(U1-Pad18)">
      <node ref="U1" pin="18" pinfunction="PB4" pintype="bidirectional+no_connect"/>
    </net>
    <net code="33" name="unconnected-(U1-Pad19)">
      <node ref="U1" pin="19" pinfunction="PB5" pintype="bidirectional+no_connect"/>
    </net>
    <net code="34" name="unconnected-(U1-Pad24)">
      <node ref="U1" pin="24" pinfunction="PC1" pintype="bidirectional+no_connect"/>
    </net>
    <net code="35" name="unconnected-(U1-Pad26)">
      <node ref="U1" pin="26" pinfunction="PC3" pintype="bidirectional+no_connect"/>
    </net>
  </nets>
</export>
